{
  "barstow.skin.rustedbarstow": {
    "name": "barstow.skin.rustedbarstow",
    "mapTo": "barstow.skin.rustedbarstow",
    "class": "Material",
    "persistentId": "c033f0bf-31d0-4a1b-9a91-595e8f6f69f6",
    "Stages": [
      {
        "ambientOcclusionMap": "/vehicles/barstow/barstow_main_ao.data.png",
        "baseColorMap": "/vehicles/barstow/barstow_main_b.color.png",
        "clearCoatRoughnessFactor": null,
        "colorPaletteMapUseUV": null,
        "diffuseMapUseUV": null,
        "metallicFactor": 1,
        "metallicMap": "/vehicles/barstow/barstow_main_m.data.png",
        "metallicMapUseUV": null,
        "normalMap": "vehicles/barstow/barstow_main_n.normal.png",
        "roughnessMap": "/vehicles/barstow/barstow_main_r.data.png"
      },
      {
        "ambientOcclusionMap": "/vehicles/barstow/barstow_main_ao.data.png",
        "baseColorMap": "vehicles/barstow/rustedbarstow/barstow_skin_rustedbarstow.dds",
        "clearCoatMap": "/vehicles/barstow/barstow_main_cc.data.png",
        "clearCoatRoughnessFactor": 0,
        "colorPaletteMapUseUV": 1,
        "diffuseMapUseUV": 1,
        "metallicFactor": 1,
        "metallicMapUseUV": 1,
        "normalMap": "/vehicles/barstow/barstow_main_n.normal.png",
        "opacityMap": "/vehicles/barstow/barstow_main_c.data.png"
      },
      {
        "clearCoatRoughnessFactor": null,
        "colorPaletteMapUseUV": null,
        "diffuseMapUseUV": null,
        "metallicFactor": null,
        "metallicMapUseUV": null
      },
      {
        "clearCoatRoughnessFactor": null,
        "colorPaletteMapUseUV": null,
        "diffuseMapUseUV": null,
        "metallicFactor": null,
        "metallicMapUseUV": null
      }
    ],
    "activeLayers": 2,
    "dynamicCubemap": true,
    "materialTag0": "beamng",
    "materialTag1": "vehicle",
    "version": 1.5
  }
}