{
  "autobuggy_main.skin.generalPiccolino": {
    "name": "autobuggy_main.skin.generalPiccolino",
    "mapTo": "autobuggy_main.skin.generalPiccolino",
    "class": "material",
    "persistentId": "5362c960-a0a2-4060-94db-64dc77d75459",
    "Stages": [
      {
        "ambientOcclusionMap": "/vehicles/autobello/autobuggy/autobuggy_main_ao.data.png",
        "baseColorMap": "/vehicles/autobello/autobuggy/autobuggy_main_b.color.png",
        "clearCoatFactor": null,
        "diffuseMapUseUV": null,
        "metallicFactor": 1,
        "metallicMap": "/vehicles/autobello/autobuggy/autobuggy_main_m.data.png",
        "normalMap": "/vehicles/autobello/autobuggy/autobuggy_main_nm.normal.png",
        "roughnessMap": "/vehicles/autobello/autobuggy/autobuggy_main_r.data.png"
      },
      {
        "ambientOcclusionMap": "/vehicles/autobello/autobuggy/autobuggy_main_ao.data.png",
        "baseColorMap": "vehicles/autobello/autobuggy/generalPiccolino/autobuggy_skin_generalPiccolino.dds",
        "clearCoatFactor": 1,
        "clearCoatMap": "/vehicles/autobello/autobuggy/autobuggy_main_cc.data.png",
        "colorPaletteMap": "/vehicles/autobello/autobuggy/autobuggy_main_palette.color.png",
        "diffuseMapUseUV": 1,
        "metallicFactor": 1,
        "normalMap": "/vehicles/autobello/autobuggy/autobuggy_main_nm.normal.png",
        "opacityMap": "/vehicles/autobello/autobuggy/autobuggy_main_c.data.png"
      },
      {
        "clearCoatFactor": null,
        "diffuseMapUseUV": null,
        "metallicFactor": null
      },
      {
        "clearCoatFactor": null,
        "diffuseMapUseUV": null,
        "metallicFactor": null
      }
    ],
    "activeLayers": 2,
    "dynamicCubemap": true,
    "materialTag0": "beamng",
    "materialTag1": "vehicle",
    "version": 1.5
  }
}