{
  "bx_main.skin.AsmoLivery2": {
    "name": "bx_main.skin.AsmoLivery2",
    "mapTo": "bx_main.skin.AsmoLivery2",
    "class": "Material",
    "Stages": [
      {
        "ambientOcclusionMap": "/vehicles/bx/bx_main_ao.data.png",
        "baseColorMap": "/vehicles/bx/bx_main_b.color.png",
        "metallicMap": "/vehicles/bx/bx_main_m.data.png",
        "metallicFactor": 1,
        "roughnessFactor": 1,
        "normalMap": "vehicles/bx/bx_main_nm.normal.png",
        "roughnessMap": "/vehicles/bx/bx_main_r.data.png",
        "useAnisotropic": true
      },
      {
        "ambientOcclusionMap": "/vehicles/bx/bx_main_ao.data.png",
        "useAnisotropic": true,
        "diffuseMapUseUV": 1,
        "clearCoatFactor": 1,
        "clearCoatRoughnessFactor":0.05,
        "metallicFactor": 0.1,
        "roughnessFactor": 0.85,
        "clearCoatMap": "/vehicles/bx/bx_main_cc.data.png",
        "normalMap": "/vehicles/bx/bx_main_nm.normal.png",
        "opacityMap": "/vehicles/bx/bx_main_c.data.png",
        "baseColorMap": "vehicles/bx/skins/AsmoLivery2/bx_skin_AsmoLivery2.png"
      },
      {},
      {}
    ],
    "activeLayers": 2,
    "dynamicCubemap": true,
    "materialTag0": "beamng",
    "materialTag1": "vehicle",
    "order_simset": 0,
    "version": 1.5
  },
  "bx_aftermarket.skin.AsmoLivery2": {
    "name": "bx_aftermarket.skin.AsmoLivery2",
    "mapTo": "bx_aftermarket.skin.AsmoLivery2",
    "class": "Material",
    "Stages": [
      {
        "ambientOcclusionMap": "/vehicles/bx/bx_aftermarket_ao.data.png",
        "baseColorMap": "/vehicles/bx/bx_aftermarket_b.color.png",
        "metallicMap": "/vehicles/bx/bx_aftermarket_m.data.png",
        "metallicFactor": 1,
        "roughnessFactor": 1,
        "normalMap": "vehicles/bx/bx_aftermarket_nm.normal.png",
        "roughnessMap": "/vehicles/bx/bx_aftermarket_r.data.png",
        "useAnisotropic": true
      },
      {
        "ambientOcclusionMap": "/vehicles/bx/bx_aftermarket_ao.data.png",
        "useAnisotropic": true,
        "diffuseMapUseUV": 1,
        "clearCoatFactor": 1,
        "clearCoatRoughnessFactor":0.05,
        "metallicFactor": 0.1,
        "roughnessFactor": 0.85,
        "clearCoatMap": "/vehicles/bx/bx_aftermarket_cc.data.png",
        "normalMap": "/vehicles/bx/bx_aftermarket_nm.normal.png",
        "opacityMap": "/vehicles/bx/bx_aftermarket_c.data.png",
        "baseColorMap": "vehicles/bx/skins/AsmoLivery2/bx_skin_AsmoLivery2.png"
      },
      {},
      {}
    ],
    "activeLayers": 2,
    "dynamicCubemap": true,
    "materialTag0": "beamng",
    "materialTag1": "vehicle",
    "order_simset": 0,
    "version": 1.5
  }
}
